Time (ps),fter lsq fit to Backbone
0.0000000,0.0005143
1.0000000,0.1705742
2.0000000,0.1635504
3.0000002,0.1921718
4.0000000,0.2116125
5.0000000,0.1924683
6.0000005,0.2025050
7.0000005,0.1999261
8.0000000,0.2189624
8.9400005,0.2385302
9.9400005,0.2879741
10.9400005,0.2901399
11.9400005,0.3150657
12.9400005,0.2784700
13.9400005,0.2962320
14.9400005,0.3106956
15.9400005,0.3126394
16.9400005,0.2993017
17.6100006,0.2985132
18.6100006,0.3149197
19.6100006,0.3113436
20.6100006,0.3101578
21.6100006,0.3021532
22.6100006,0.2957626
23.6100006,0.3197598
24.6100006,0.3100696
25.6100006,0.3101734
26.2900009,0.3081033
27.2900009,0.2916032
28.2900009,0.2967771
29.2900009,0.3013603
30.2900009,0.3057753
31.2900009,0.3129831
32.2900009,0.2946782
33.2900009,0.2992654
34.2900009,0.3023609
34.8600006,0.3032912
35.8600006,0.3096779
36.8600006,0.3333460
37.8600006,0.3335764
38.8600006,0.3261408
39.8600006,0.3152779
40.8600006,0.3032375
41.8600006,0.3059136
43.3000031,0.3158579
44.3000031,0.3284034
45.3000031,0.3488901
46.3000031,0.3573356
47.3000031,0.3385963
48.3000031,0.3310239
49.3000031,0.3077483
50.3000031,0.2990682
51.3000031,0.2847139
52.3000031,0.2971026
53.3000031,0.2983328
54.3000031,0.3405806
55.3000031,0.3061717
56.3000031,0.3165871
57.3000031,0.3001808
58.3000031,0.2871664
59.7900047,0.3080189
60.7900047,0.3274803
61.7900047,0.3159455
62.7900047,0.3124934
63.7900047,0.3079716
64.7900009,0.3070293
65.7900009,0.3396803
66.7900009,0.3228378
67.7900009,0.3421501
68.8000031,0.3490349
69.8000031,0.3473884
70.8000031,0.3248049
71.8000031,0.3569856
72.8000031,0.3159489
73.8000031,0.3558200
74.8000031,0.3187464
75.8000031,0.3572839
77.2400055,0.3179049
78.2400055,0.3144080
79.2400055,0.2964243
80.2400055,0.3205755
81.2400055,0.3398336
82.2400055,0.3220607
83.2400055,0.3340564
84.2400055,0.3318048
85.2400055,0.3135833
85.8300018,0.3172504
86.8300018,0.3231723
87.8300018,0.3317834
88.8300018,0.3274210
89.8300018,0.3351467
90.8300018,0.3573878
91.8300018,0.3919829
92.8300018,0.3880427
93.9000015,0.3640307
94.9000015,0.3310639
95.9000015,0.3169254
96.9000015,0.3461143
97.9000015,0.3419289
98.9000015,0.3465944
99.9000015,0.3328029
100.9000015,0.3430475
101.9000015,0.3722212
102.8900070,0.3471898
103.8900070,0.3382435
104.8900070,0.3402218
105.8900070,0.3351150
106.8900070,0.3169668
107.8900070,0.3600467
108.8900070,0.3303503
109.8900070,0.3459034
111.3500061,0.3680543
112.3500061,0.3558803
113.3500061,0.3501739
114.3500061,0.3440437
115.3500061,0.3282642
116.3500061,0.3505797
117.3500061,0.3241143
118.7900085,0.3572396
119.7900085,0.3433043
120.7900085,0.3357927
121.7900085,0.3631262
122.7900085,0.3274240
123.7900085,0.3549984
124.7900085,0.3260975
125.7900085,0.3295002
126.9800034,0.3202274
127.9800034,0.3302696
128.9800110,0.3223601
129.9800110,0.3187510
130.9800110,0.3290323
131.9800110,0.3313139
132.9800110,0.3224289
133.9800110,0.3314669
134.9800110,0.3430693
135.5000000,0.3323554
136.5000000,0.3514166
137.5000000,0.3203554
138.5000000,0.3403971
139.5000000,0.3520835
140.5000000,0.3361565
141.5000000,0.3283838
142.5000000,0.3268654
143.5000000,0.3563569
144.1000061,0.3416205
145.1000061,0.3391499
146.1000061,0.3536314
147.1000061,0.3559300
148.1000061,0.3569529
149.1000061,0.3600503
150.1000061,0.3497549
151.1000061,0.3544214
152.1000061,0.3678069
152.6100006,0.3685988
153.6100006,0.3508988
154.6100006,0.3500579
155.6100006,0.3532605
156.6100006,0.3646778
157.6100006,0.3393381
158.6100006,0.3570994
159.6100006,0.3604288
160.6100006,0.3717445
161.2200012,0.3748348
162.2200012,0.3524335
163.2200012,0.3266144
164.2200012,0.3490281
165.2200012,0.3745094
166.2200012,0.3757128
167.2200012,0.3705561
168.2200012,0.3643081
169.6500092,0.3718497
170.6500092,0.3815936
171.6500092,0.3767812
172.6500092,0.3842475
173.6500092,0.3662898
174.6500092,0.3809999
175.6500092,0.3783231
176.6500092,0.3838978
177.6500092,0.3714710
178.2000122,0.3840239
179.2000122,0.3755895
180.2000122,0.3931837
181.2000122,0.3771235
182.2000122,0.3924984
183.2000122,0.3775826
184.2000122,0.3931113
185.2000122,0.3773287
186.2000122,0.3892636
186.8400116,0.3672933
187.8400116,0.3819107
188.8400116,0.3618432
189.8400116,0.3609087
190.8400116,0.3479488
191.8400116,0.3514683
192.8400116,0.3517296
194.2800140,0.3402010
195.2800140,0.3512022
196.2800140,0.3458297
197.2800140,0.3627105
198.2800140,0.3350940
199.2800140,0.3218065
200.2800140,0.3218552
201.2800140,0.3286680
202.2800140,0.3363290
202.8400116,0.3630060
203.8400116,0.3535936
204.8400116,0.3457033
205.8400116,0.3455808
206.8400116,0.3216702
207.8400116,0.3371874
208.8400116,0.3152392
209.8400116,0.3373778
211.0100098,0.3377685
212.0100098,0.3401327
213.0100098,0.3398532
214.0100098,0.3623296
215.0100098,0.3532400
216.0100098,0.3727874
217.0100098,0.3660776
218.0100098,0.3562608
219.0100098,0.3597852
219.6100159,0.3517675
220.6100159,0.3579241
221.6100159,0.3545487
222.6100159,0.3447655
223.6100159,0.3208104
224.6100159,0.3473234
225.6100159,0.3328811
226.6100159,0.3353260
227.7500153,0.3259758
228.7500153,0.3349383
229.7500153,0.3225469
230.7500153,0.3331897
231.7500153,0.3082156
232.7500153,0.3234906
233.7500153,0.3308165
234.9400177,0.3378321
235.9400177,0.3374916
236.9400177,0.3458712
237.9400177,0.3497573
238.9400177,0.3302226
239.9400177,0.3110162
240.9400177,0.3430854
241.9400177,0.3278588
242.9400177,0.3394971
243.8600159,0.3419180
244.8600159,0.3392445
245.8600159,0.3344648
246.8600159,0.3572543
247.8600159,0.3499469
248.8600159,0.3419270
249.8600159,0.3330137
250.8600159,0.3422309
251.8600159,0.3303019
252.5200195,0.3582971
253.5200195,0.3449459
254.5200195,0.3735420
255.5200195,0.3661543
256.5200195,0.3572904
257.5200195,0.3581960
258.5200195,0.3405236
259.5200195,0.3634797
260.5200195,0.3641931
261.5200195,0.3853450
262.5200195,0.3796851
263.5200195,0.3531861
264.5200195,0.3506891
265.5200195,0.3385974
266.5200195,0.3559584
267.5200195,0.3884120
268.5200195,0.3567000
269.5200195,0.3860421
270.1900024,0.3919948
271.1900024,0.3927994
272.1900024,0.3849402
273.1900024,0.3828017
274.1900024,0.3675173
275.1900024,0.3789147
276.1900024,0.3691969
277.1900024,0.3613306
278.1900024,0.3595259
278.9500122,0.4107422
279.9500122,0.3835146
280.9500122,0.3745227
281.9500122,0.3606677
282.9500122,0.3854364
283.9500122,0.3783809
284.9500122,0.3865679
285.9500122,0.3730613
287.4500122,0.3839409
288.4500122,0.3630899
289.4500122,0.3812183
290.4500122,0.3710533
291.4500122,0.3596714
292.4500122,0.3701866
293.4500122,0.3549101
294.4500122,0.3547225
295.8900146,0.3792123
296.8900146,0.3704787
297.8900146,0.3868904
298.8900146,0.3821151
299.8900146,0.3893455
300.8900146,0.3560659
301.8900146,0.3599563
302.8900146,0.3774059
304.0100098,0.3604698
305.0100098,0.3580007
306.0100098,0.3533275
307.0100098,0.3780711
308.0100098,0.3773186
309.0100098,0.3608238
310.0100098,0.3680389
311.0100098,0.3644792
312.0100098,0.3717312
312.6200256,0.3789516
313.6200256,0.3867649
314.6200256,0.3728453
315.6200256,0.3967916
316.6200256,0.4110482
317.6200256,0.3913567
318.6200256,0.3789256
319.6200256,0.4025736
320.6200256,0.4033450
321.2700195,0.3841302
322.2700195,0.3649091
323.2700195,0.4087527
324.2700195,0.3978218
325.2700195,0.4023024
326.2700195,0.3760493
327.2700195,0.3854500
328.2700195,0.3849819
329.5600281,0.4132790
330.5600281,0.4076460
331.5600281,0.4101526
332.5600281,0.4076247
333.5600281,0.4183144
334.5600281,0.3990917
335.5600281,0.3974581
336.5600281,0.4063855
337.2400208,0.4165769
338.2400208,0.4116356
339.2400208,0.4008232
340.2400208,0.3792381
341.2400208,0.3953642
342.2400208,0.3910407
343.2400208,0.3809660
344.2400208,0.3800544
345.2400208,0.3923356
345.8200073,0.4177947
346.8200073,0.4057159
347.8200073,0.4001643
348.8200073,0.3858983
349.8200073,0.3838610
350.8200073,0.3818478
351.8200073,0.3930761
352.8200073,0.3923045
353.8200073,0.4070968
354.9200134,0.4090937
355.9200134,0.4069033
356.9200134,0.4318231
357.9200134,0.3911443
358.9200134,0.4207650
359.9200134,0.4276829
360.9200134,0.4089150
361.9200134,0.4087195
362.9200134,0.3855146
363.8600159,0.4046077
364.8600159,0.3891971
365.8600159,0.4033926
366.8600159,0.4222499
367.8600159,0.4142777
368.8600159,0.4079512
369.8600159,0.3993893
370.8600159,0.4041092
371.8600159,0.4095410
372.3700256,0.4137724
373.3700256,0.4330058
374.3700256,0.4133079
375.3700256,0.4135144
376.3700256,0.4076079
377.3700256,0.4013026
378.3700256,0.4151751
379.3700256,0.4147074
380.3700256,0.4060734
381.2600098,0.3994659
382.2600098,0.3930603
383.2600098,0.4174292
384.2600098,0.4004543
385.2600098,0.4239884
386.2600098,0.4218225
387.2600098,0.4318580
388.2600098,0.4353316
389.2600098,0.4352292
389.9200134,0.4380536
390.9200134,0.4188703
391.9200134,0.4256375
392.9200134,0.4139543
393.9200134,0.4142312
394.9200134,0.3991526
395.9200134,0.4050243
396.9200134,0.4103741
397.9200134,0.4098101
398.6400146,0.4056441
399.6400146,0.4195899
400.6400146,0.4121521
401.6400146,0.4349161
402.6400146,0.4340558
403.6400146,0.4040945
404.6400146,0.4223979
405.6400146,0.4233283
407.1100159,0.4052651
408.1100159,0.4077162
409.1100159,0.3836188
410.1100159,0.3916953
411.1100159,0.4216618
412.1100159,0.4188230
413.1100159,0.3998512
414.1100159,0.4001483
415.1100159,0.4299480
416.0000305,0.3990906
417.0000305,0.4154835
418.0000305,0.3984773
419.0000305,0.4016805
420.0000305,0.3928884
421.0000305,0.4111667
422.0000305,0.3873447
423.0000305,0.3968361
423.7300110,0.3882754
424.7300110,0.4302942
425.7300110,0.3993569
426.7300110,0.3927022
427.7300110,0.3818096
428.7300110,0.3777870
429.7300110,0.3906346
430.7300110,0.4053651
432.2300110,0.4054234
433.2300110,0.3843587
434.2300110,0.3772228
435.2300110,0.3954402
436.2300110,0.3959820
437.2300110,0.3761879
438.2300110,0.3600584
439.2300110,0.3847038
440.2300110,0.3901016
440.8200073,0.4121507
441.8200073,0.3927464
449.4100342,0.4075103
450.4100342,0.3795816
451.4100342,0.3902958
452.4100342,0.3945326
453.4100342,0.3993392
454.4100342,0.4081217
455.4100342,0.3982669
456.4100342,0.3967837
457.4100342,0.4211578
458.0200195,0.4313222
459.0200195,0.4105516
460.0200195,0.3928643
461.0200195,0.4179200
462.0200195,0.4204234
463.0200195,0.4235593
464.0200195,0.4235600
465.0200195,0.4198236
466.0200195,0.3838313
466.9700317,0.4209706
467.9700317,0.4057233
468.9700317,0.4098718
469.9700317,0.4428330
470.9700317,0.4334192
471.9700317,0.4090944
472.9700317,0.3948038
473.9700317,0.4066743
475.1700134,0.3937940
476.1700134,0.4060824
477.1700134,0.4106391
478.1700134,0.3957143
479.1700134,0.3867579
480.1700134,0.3860683
481.1700134,0.3937644
482.1700134,0.4042927
483.1700134,0.3947896
484.1400146,0.3968896
485.1400146,0.3967714
486.1400146,0.4368918
487.1400146,0.4084249
488.1400146,0.3978964
489.1400146,0.4180632
490.1400146,0.4015598
491.1400146,0.4182931
492.0900269,0.4353526
493.0900269,0.4214829
494.0900269,0.3896720
495.0900269,0.3946849
496.0900269,0.4037868
497.0900269,0.3894735
498.0900269,0.4022574
499.0900269,0.4062803
500.0900269,0.4048227
500.6200256,0.4115077
501.6200256,0.3713844
502.6200256,0.3987851
503.6200256,0.3900790
504.6200256,0.3886363
505.6200256,0.3885226
506.6200256,0.4032704
507.6200256,0.4071447
508.6200256,0.4029670
509.3100281,0.3977782
510.3100281,0.4009819
511.3100281,0.4134446
512.3099976,0.4257444
513.3099976,0.4156817
514.3099976,0.4139578
515.3099976,0.4037886
516.3099976,0.4060751
516.8800049,0.3811849
517.8800049,0.3930432
518.8800049,0.4062136
519.8800049,0.4090379
520.8800049,0.4022401
521.8800049,0.4080172
522.8800049,0.4176220
523.8800049,0.4204118
524.8800049,0.3858211
525.5000000,0.3792050
526.5000000,0.4003682
527.5000000,0.3831508
528.5000000,0.4009717
529.5000000,0.4201966
530.5000000,0.4066455
531.5000000,0.4170527
532.5000000,0.4094315
533.8699951,0.3976800
534.8699951,0.3956666
535.8699951,0.3993072
536.8699951,0.4076903
537.8699951,0.3895485
538.8699951,0.4050673
539.8700562,0.4015371
540.8700562,0.3876033
542.2700195,0.3824383
543.2700195,0.3961127
544.2700195,0.3978078
545.2700195,0.4057645
546.2700195,0.4310946
547.2700195,0.4162848
548.2700195,0.3909143
549.2700195,0.4156106
550.3600464,0.4252177
551.3600464,0.4309838
552.3600464,0.4220170
553.3600464,0.4280958
554.3600464,0.4215645
555.3600464,0.4212065
556.3600464,0.4269597
557.3600464,0.4155764
558.4400024,0.4316264
559.4400024,0.4464504
560.4400024,0.4306675
561.4400024,0.4335463
562.4400024,0.4260562
563.4400024,0.4237423
564.4400024,0.4170065
565.4400024,0.4087911
566.4400024,0.4195694
566.9500122,0.4313822
567.9500122,0.3892020
568.9500122,0.4059944
569.9500122,0.4060347
570.9500122,0.3931624
571.9500122,0.4024779
572.9500122,0.3833710
573.9500122,0.3876427
574.9500122,0.3833985
575.7300415,0.4078842
576.7300415,0.4004849
577.7300415,0.3862751
578.7300415,0.3871275
579.7300415,0.3800876
580.7300415,0.4092124
581.7300415,0.3926822
582.7300415,0.3999507
583.7300415,0.4052456
584.3200073,0.3956715
585.3200073,0.4071903
586.3200073,0.4084818
587.3200073,0.4025062
588.3200073,0.4226783
589.3200073,0.3958226
590.3200073,0.4009928
591.3200073,0.3938839
592.3200073,0.3772784
593.0000000,0.3914380
594.0000000,0.3874956
595.0000000,0.3732615
596.0000000,0.3755893
597.0000000,0.4001753
598.0000000,0.3842054
599.0000000,0.3868578
600.0000000,0.3795522
601.0000000,0.3878370
601.5500488,0.3938736
602.5500488,0.3882697
603.5500488,0.3689626
604.5500488,0.3930930
605.5500488,0.3803447
606.5500488,0.3934760
607.5500488,0.3940559
608.5500488,0.3712147
609.5500488,0.4008511
610.0700073,0.4062247
611.0700073,0.3903311
612.0700073,0.4080093
613.0700073,0.3905567
614.0700073,0.3995670
615.0700073,0.4011466
616.0700073,0.4128719
617.0700073,0.4019672
618.1400146,0.4181289
619.1400146,0.4153313
620.1400146,0.4154867
621.1400146,0.4119399
622.1400146,0.3844659
623.1400146,0.3862066
624.1400146,0.3702123
625.1400146,0.3807446
626.1400146,0.4008988
627.0300293,0.3774932
628.0300293,0.3917841
629.0300293,0.3943428
630.0300293,0.3991779
631.0300293,0.4021553
632.0300293,0.3902272
633.0300293,0.3804665
634.0300293,0.3853315
635.0300293,0.3948795
635.7000122,0.4014739
636.7000122,0.3910707
637.7000122,0.3899533
638.7000122,0.3975523
639.7000122,0.3802605
640.7000122,0.4157326
641.7000122,0.4046625
642.7000122,0.3950245
644.1600342,0.3866767
645.1600342,0.4030852
646.1600342,0.3910553
647.1600342,0.3803111
648.1600342,0.3873022
649.1600342,0.3914673
650.1600342,0.3937698
651.1600342,0.3856035
652.6400146,0.3561786
653.6400146,0.3926049
654.6400146,0.3802245
655.6400146,0.3831913
656.6400146,0.3946916
657.6400146,0.3694643
658.6400146,0.3716029
659.6400146,0.3900826
661.0600586,0.3740095
662.0600586,0.3877752
663.0600586,0.3690762
664.0600586,0.3711169
665.0600586,0.3731525
666.0600586,0.3684842
667.0600586,0.3917209
668.0600586,0.3786147
669.0600586,0.3782370
669.6400146,0.3976365
670.6400146,0.3871677
671.6400146,0.3849028
672.6400146,0.3763869
673.6400146,0.3932010
674.6400146,0.3622079
675.6400146,0.3680820
676.6400146,0.3581865
677.6800537,0.3680605
678.6800537,0.3632626
679.6800537,0.3701214
680.6800537,0.3807022
681.6800537,0.3754839
682.6800537,0.3756605
683.6800537,0.3814027
684.9200439,0.3848406
685.9200439,0.3865278
686.9200439,0.3769101
687.9200439,0.3801339
688.9200439,0.3699664
689.9200439,0.3660593
690.9200439,0.3738561
691.9200439,0.3631020
693.0800171,0.3755481
694.0800171,0.3824444
695.0800171,0.3810574
696.0800171,0.3765553
697.0800171,0.3863181
698.0800171,0.3993622
699.0800171,0.3820500
700.0800171,0.3828919
701.2000122,0.3774088
702.2000122,0.3621509
703.2000122,0.4010301
704.2000122,0.3798947
705.2000122,0.3790188
706.2000122,0.3732690
707.2000122,0.3816435
708.2000122,0.3839044
709.2000122,0.3864848
710.1100464,0.3852408
711.1100464,0.3741440
712.1100464,0.3789501
713.1100464,0.3961140
714.1100464,0.4021476
715.1100464,0.3816876
716.1100464,0.3775201
717.1100464,0.3949990
718.0900269,0.3970954
719.0900269,0.3965524
720.0900269,0.3983418
721.0900269,0.3875452
722.0900269,0.3948847
723.0900269,0.4094136
724.0900269,0.4023606
725.0900269,0.4102976
726.0900269,0.4192808
727.0800171,0.4208120
728.0800171,0.4198290
729.0800171,0.4097003
730.0800171,0.4002833
731.0800171,0.3968061
732.0800171,0.3941700
733.0800171,0.3898607
734.0800171,0.3906302
735.0800171,0.4084293
735.6100464,0.3909202
736.6100464,0.4133151
737.6100464,0.4210710
738.6100464,0.4019440
739.6100464,0.4055590
740.6100464,0.4018172
741.6100464,0.4039036
742.6100464,0.3940839
743.7900391,0.3953562
744.7900391,0.3983032
745.7900391,0.4053170
746.7900391,0.4044123
747.7900391,0.4054677
748.7900391,0.3968459
749.7900391,0.3938536
750.7900391,0.4050747
751.7900391,0.4171315
752.4600220,0.3944896
753.4600220,0.3965628
754.4600220,0.3950531
755.4600220,0.4052252
756.4600220,0.4070400
757.4600220,0.4140129
758.4600220,0.4216293
759.4600220,0.3973758
760.6300659,0.4405948
761.6300659,0.4179336
762.6300659,0.3969132
763.6300659,0.4287640
764.6300659,0.4115868
765.6300659,0.4205360
766.6300659,0.4216325
767.6300659,0.4328885
768.6300659,0.4286484
769.2600098,0.4255213
770.2600098,0.4138493
771.2600098,0.4451768
772.2600098,0.4408709
773.2600098,0.4321569
774.2600098,0.4354326
775.2600098,0.4317479
776.2600098,0.4365126
777.2600098,0.4302604
777.8700562,0.4356738
778.8700562,0.4457878
779.8700562,0.4406586
780.8700562,0.4282505
781.8700562,0.4519315
782.8700562,0.4328871
783.8700562,0.4434999
784.8700562,0.4200751
785.8700562,0.4369755
786.5700073,0.4250103
787.5700073,0.3954877
788.5700073,0.4265616
789.5700073,0.4243286
790.5700073,0.4326408
791.5700073,0.4258146
792.5700073,0.4399329
793.5700073,0.4448448
794.5700073,0.4354751
795.1200562,0.4387941
796.1200562,0.4384210
797.1200562,0.4358297
798.1200562,0.4383739
799.1200562,0.4244597
800.1200562,0.4424604
801.1200562,0.4262277
802.1200562,0.4272369
803.1200562,0.4238136
803.7800293,0.4335832
804.7800293,0.4239264
805.7800293,0.4270361
806.7800293,0.4554760
807.7800293,0.4497819
808.7800293,0.4202050
809.7800293,0.4468075
810.7800293,0.4512863
811.7800293,0.4339837
812.3800659,0.4315281
813.3800659,0.4317000
814.3800659,0.4118509
815.3800659,0.4322902
816.3800659,0.4190002
817.3800659,0.4458047
818.3800659,0.4456872
819.3800659,0.4342473
820.3800659,0.4334522
821.4300537,0.4228079
822.4300537,0.4320843
823.4300537,0.4401599
824.4300537,0.4410209
825.4300537,0.4303385
826.4300537,0.4174863
827.4300537,0.4139226
828.4300537,0.4268137
829.4300537,0.4359057
830.3000488,0.4278912
831.3000488,0.4397750
832.3000488,0.4453984
833.3000488,0.4463747
834.3000488,0.4474615
835.3000488,0.4414591
836.3000488,0.4239944
837.3000488,0.4242104
838.3000488,0.4362989
838.8400269,0.4160756
839.8400269,0.4184954
840.8400269,0.4077056
841.8400269,0.4208467
842.8400269,0.4265371
843.8400269,0.4461961
844.8400269,0.4388982
845.8400269,0.4236860
846.8400269,0.4157726
847.8400269,0.4268747
848.8400269,0.4237891
849.8400269,0.4122038
850.8400269,0.4206810
851.8400269,0.4204941
852.8400269,0.4258155
853.8400269,0.4379343
854.8400269,0.4372848
855.8400269,0.4253596
856.5000610,0.4514558
857.5000610,0.4325373
858.5000610,0.4341328
859.5000610,0.4323680
860.5000610,0.4563662
861.5000610,0.4457123
862.5000610,0.4502582
863.5000610,0.4522676
864.9000244,0.4686390
865.9000244,0.4794780
866.9000244,0.4730684
867.9000244,0.4608997
868.9000244,0.4733326
869.9000244,0.4586915
870.9000244,0.4542773
871.9000244,0.4558924
873.2300415,0.4432401
874.2300415,0.4514411
875.2300415,0.4442326
876.2300415,0.4617505
877.2300415,0.4359749
878.2300415,0.4454914
879.2300415,0.4517280
880.2300415,0.4766836
881.2300415,0.4703001
882.1300659,0.4781170
883.1300659,0.4712789
884.1300659,0.4733046
885.1300659,0.4715261
886.1300659,0.4790808
887.1300659,0.4875410
888.1300659,0.4852323
889.1300659,0.4848543
890.1300659,0.4942753
890.7800293,0.4876835
891.7800293,0.4767056
892.7800293,0.4704707
893.7800293,0.4755057
894.7800293,0.4919233
895.7800293,0.4688605
896.7800293,0.4656172
897.7800293,0.4784690
898.7200317,0.4884424
899.7200317,0.4743322
900.7200317,0.4825954
901.7200317,0.4782971
902.7200317,0.4770636
903.7200317,0.4838364
904.7200317,0.4675023
905.7200317,0.4975449
906.8000488,0.4839123
907.8000488,0.4681519
908.8000488,0.4958846
909.8000488,0.4783646
910.8000488,0.4598746
911.8000488,0.4529766
912.8000488,0.4940790
913.8000488,0.4840339
914.8000488,0.4706999
915.8800659,0.4741150
916.8800659,0.4804818
917.8800659,0.4770812
918.8800659,0.4743055
919.8800659,0.5091094
920.8800659,0.4952841
921.8800659,0.5127211
922.8800659,0.4816583
923.6100464,0.4884911
924.6100464,0.4992606
925.6100464,0.4966701
926.6100464,0.4896787
927.6100464,0.5000783
928.6100464,0.4949288
929.6100464,0.4843116
930.6100464,0.4796089
931.6100464,0.4773795
932.3700562,0.4673286
933.3700562,0.4602292
934.3700562,0.4546666
935.3700562,0.4799443
936.3700562,0.4675524
937.3700562,0.4624534
938.3700562,0.4622792
939.3700562,0.4702643
940.7500610,0.4258157
941.7500610,0.4551313
942.7500610,0.4625543
943.7500610,0.4727049
944.7500610,0.4658418
945.7500610,0.4801146
946.7500610,0.4869064
947.7500610,0.4679095
948.8500366,0.5168251
949.8500366,0.5034061
950.8500366,0.5167724
951.8500366,0.4850461
952.8500366,0.4995149
953.8500366,0.4916445
954.8500366,0.4724509
956.3300171,0.4817554
957.3300171,0.4737689
958.3300171,0.4772668
959.3300171,0.4805808
960.3300171,0.4927816
961.3300171,0.5019444
962.3300171,0.5143225
963.3300171,0.5029271
964.3300171,0.5136985
964.9400635,0.5041328
965.9400635,0.5030780
966.9400635,0.4843825
967.9400635,0.4905012
968.9400635,0.5146994
969.9400635,0.5107006
970.9400635,0.4794514
971.9400635,0.5016151
972.9400635,0.4951783
973.9100342,0.5098563
974.9100342,0.5278470
975.9100342,0.5047536
976.9100342,0.5149283
977.9100342,0.4852928
978.9100342,0.5000551
979.9100342,0.5022486
980.9100342,0.4901820
982.3400269,0.4930269
983.3400269,0.4993794
984.3400269,0.5042987
985.3400269,0.4981343
986.3400269,0.4911736
987.3400269,0.4701658
988.3400269,0.4936821
989.3400269,0.4908167
990.8400269,0.4996288
991.8400269,0.5364955
992.8400269,0.5125149
993.8400269,0.5164461
994.8400269,0.5452757
995.8400269,0.5329493
996.8400269,0.5182537
997.8400269,0.5371833
998.8400269,0.5326230
1000.0000610,0.5295528
1001.0000610,0.5212300
1002.0000610,0.5187011
1003.0000610,0.5170509
1004.0000610,0.5197241
1005.0000610,0.5000489
1006.0000610,0.5120267
1007.0000610,0.4861790
1008.0000610,0.5019737
1008.9800415,0.5127245
1009.9800415,0.5073837
1010.9800415,0.5116178
1011.9800415,0.5143571
1012.9800415,0.5209774
1013.9800415,0.5193968
1014.9800415,0.5262636
1015.9800415,0.5170814
1016.6800537,0.5100158
1017.6800537,0.5178880
1018.6800537,0.5181579
1019.6800537,0.5267237
1020.6800537,0.5531157
1021.6800537,0.5254732
1022.6800537,0.5434992
1023.6800537,0.5113343
1024.6800537,0.5102916
1025.4500732,0.4928332
1026.4500732,0.4964184
1027.4500732,0.4984760
1028.4500732,0.4722284
1029.4500732,0.4715315
1030.4500732,0.4794286
1031.4500732,0.5044626
1032.4500732,0.4688203
1033.5900879,0.4598512
1034.5900879,0.4736388
1035.5900879,0.4644399
1036.5900879,0.4649905
1037.5900879,0.4888040
1038.5900879,0.4704380
1039.5900879,0.4858095
1040.5900879,0.4956939
1041.4801025,0.5093464
1042.4801025,0.4925641
1043.4801025,0.4915269
1044.4801025,0.5035387
1045.4801025,0.5085548
1046.4801025,0.5021389
1047.4801025,0.5171412
1048.4801025,0.5145431
1049.4801025,0.5174567
1050.1400146,0.5183028
1051.1400146,0.5101718
1052.1400146,0.4913210
1053.1400146,0.4899586
1054.1400146,0.5071347
1055.1400146,0.5111308
1056.1400146,0.5048185
1057.1400146,0.5010603
1058.1400146,0.5281407
1059.1101074,0.5370619
1060.1101074,0.5231515
1061.1101074,0.5042472
1062.1101074,0.5022123
1063.1101074,0.5165856
1064.1101074,0.5142165
1065.1101074,0.5018390
1066.1101074,0.5182655
1067.1101074,0.5328977
1067.7600098,0.4932677
1068.7600098,0.5071773
1069.7600098,0.5106514
1070.7600098,0.5269279
1071.7600098,0.5137898
1072.7600098,0.5166436
1073.7600098,0.5378808
1074.7600098,0.5268951
1075.7600098,0.5306759
1076.6000977,0.5319638
1077.6000977,0.5486431
1078.6000977,0.5414780
1079.6000977,0.5322432
1080.6000977,0.5484459
1081.6000977,0.5217651
1082.6000977,0.5142395
1083.6000977,0.5283446
1084.3900146,0.5253412
1085.3900146,0.5303935
1086.3900146,0.5311306
1087.3900146,0.5049210
1088.3900146,0.5155916
1089.3900146,0.4942841
1090.3900146,0.5071300
1091.3900146,0.5028254
1092.3900146,0.5071915
1093.4600830,0.4999705
1094.4600830,0.5095593
1095.4600830,0.5053362
1096.4600830,0.5140979
1097.4600830,0.4971901
1098.4600830,0.5123966
1099.4600830,0.4823127
1100.8100586,0.4963171
1101.8100586,0.5007949
1102.8100586,0.4909790
1103.8100586,0.5032360
1104.8100586,0.4990829
1105.8100586,0.4969224
1106.8100586,0.4841323
1107.8100586,0.4976072
1108.3800049,0.5027093
1109.3800049,0.4880613
1110.3800049,0.4986020
1111.3800049,0.5120081
1112.3800049,0.5103866
1113.3800049,0.5014490
1114.3800049,0.4959176
1115.8699951,0.4846801
1116.8699951,0.5123611
1117.8699951,0.5108379
1118.8699951,0.5055434
1119.8699951,0.5056246
1120.8699951,0.5233288
1121.8699951,0.5019186
1122.9600830,0.5182303
1123.9600830,0.5159905
1124.9600830,0.5147286
1125.9600830,0.5193750
1126.9600830,0.5271984
1127.9600830,0.5135982
1128.9600830,0.5133184
1130.3699951,0.5219700
1131.3699951,0.5382598
1132.3699951,0.5297378
1133.3699951,0.5343224
1134.3699951,0.5285413
1135.3699951,0.5279676
1136.3699951,0.5205203
1137.8400879,0.5333541
1138.8400879,0.5251384
1139.8400879,0.5313123
1140.8400879,0.5275929
1141.8400879,0.5246994
1142.8400879,0.5087907
1143.8400879,0.5091265
1144.8400879,0.4974461
1145.3800049,0.5127358
1146.3800049,0.5116720
1147.3800049,0.5175130
1148.3800049,0.5217326
1149.3800049,0.5118085
1150.3800049,0.5254900
1151.3800049,0.5108712
1152.2800293,0.5126925
1153.2800293,0.5168527
1154.2800293,0.5109991
1155.2800293,0.5195624
1156.2800293,0.5212688
1157.2800293,0.5330464
1158.2800293,0.5439704
1159.2800293,0.5395746
1160.2800293,0.5258080
1160.9200439,0.5354245
1161.9200439,0.5390746
1162.9200439,0.5357248
1163.9200439,0.5360511
1164.9200439,0.5414699
1165.9200439,0.5287817
1166.9200439,0.5567699
1167.9200439,0.5319705
1168.4500732,0.5446360
1169.4500732,0.5535998
1170.4500732,0.5390900
1171.4500732,0.5264474
1172.4500732,0.5258387
1173.4500732,0.5136458
1174.4500732,0.5292321
1175.8200684,0.5366455
1176.8200684,0.5573944
1177.8200684,0.5556601
1178.8200684,0.5548997
1179.8200684,0.5323882
1180.8200684,0.5189556
1181.8200684,0.5501509
1182.8200684,0.5277677
1183.9400635,0.5291269
1184.9400635,0.5429370
1185.9400635,0.5142720
1186.9400635,0.5260612
1187.9400635,0.5396316
1188.9400635,0.5324581
1189.9400635,0.5181719
1190.9400635,0.5216575
1191.8400879,0.5099015
1192.8400879,0.5358524
1193.8400879,0.5387201
1194.8400879,0.5370902
1195.8400879,0.5203457
1196.8400879,0.5262450
1197.8400879,0.5138857
1198.8400879,0.5225082
1199.9700928,0.5185386
1200.9700928,0.5180696
1201.9700928,0.5398721
1202.9700928,0.5327663
1203.9700928,0.5075304
1204.9700928,0.5000941
1205.9700928,0.5017018
1206.9700928,0.4874509
1208.2600098,0.4904465
1209.2600098,0.5103896
1210.2600098,0.5120293
1211.2600098,0.5205758
1212.2600098,0.5178186
1213.2600098,0.5125210
1214.2600098,0.5325359
1215.6500244,0.5099492
1216.6500244,0.5161636
1217.6500244,0.5366396
1218.6500244,0.5236449
1219.6500244,0.5001203
1220.6500244,0.5071902
1221.6500244,0.5041057
1222.6500244,0.5008523
1223.6500244,0.4925598
1224.6000977,0.5007091
1225.6000977,0.4983290
1226.6000977,0.5061910
1227.6000977,0.4925624
1228.6000977,0.4995899
1229.6000977,0.4957996
1230.6000977,0.5081488
1232.0700684,0.5020146
1233.0700684,0.4897891
1234.0700684,0.4947025
1235.0700684,0.4944588
1236.0700684,0.4913693
1237.0700684,0.5015303
1238.0700684,0.5308061
1239.0700684,0.5187246
1240.2700195,0.5010106
1241.2700195,0.4989740
1242.2700195,0.4979263
1243.2700195,0.5030407
1244.2700195,0.4890135
1245.2700195,0.4670003
1246.2700195,0.4808958
1247.2700195,0.4862603
1248.2700195,0.4818957
1249.2600098,0.4934467
1250.2600098,0.4840339
1251.2600098,0.4968047
1252.2600098,0.4799858
1253.2600098,0.4997607
1254.2600098,0.5032992
1255.2600098,0.4973780
1256.2600098,0.4911752
1257.2600098,0.5119892
1258.2000732,0.5118390
1259.2000732,0.4982062
1260.2000732,0.5005225
1261.2000732,0.4763821
1262.2000732,0.4942017
1263.2000732,0.4941829
1264.2000732,0.5016527
1265.2000732,0.4987364
1265.7500000,0.4887246
1266.7500000,0.4853446
1267.7500000,0.4728831
1268.7500000,0.4909593
1269.7500000,0.4902367
1270.7500000,0.5019232
1271.7500000,0.4994253
1273.2500000,0.4931333
1274.2500000,0.5105280
1275.2500000,0.4987187
1276.2500000,0.4923430
1277.2500000,0.4996601
1278.2500000,0.5027012
1279.2500000,0.4978517
1280.2500000,0.4998436
1281.6500244,0.4911930
1282.6500244,0.4974261
1283.6500244,0.5274130
1284.6500244,0.5130339
1285.6500244,0.4886177
1286.6500244,0.5057542
1287.6500244,0.4937266
1288.6500244,0.4818774
1289.6500244,0.5128226
1290.4400635,0.5039939
1291.4400635,0.4927798
1292.4400635,0.5074228
1293.4400635,0.5182151
1294.4400635,0.5027694
1295.4400635,0.5039253
1296.4400635,0.5138736
1297.4400635,0.5092517
1298.2700195,0.5023983
1299.2700195,0.5195169
1300.2700195,0.5058541
1301.2700195,0.5059006
1302.2700195,0.5177051
1303.2700195,0.4930183
1304.2700195,0.5225092
1305.2700195,0.5093004
1306.2700195,0.5140834
1306.8701172,0.4936509
1307.8701172,0.5001930
1308.8701172,0.5177251
1309.8701172,0.5010838
1310.8701172,0.5114496
1311.8701172,0.5024530
1312.8701172,0.5248351
1314.0200195,0.5284160
1315.0200195,0.5151021
1316.0200195,0.5173008
1317.0200195,0.5389695
1318.0200195,0.5235186
1319.0200195,0.5177336
1320.0200195,0.5198863
1321.4700928,0.5160616
1322.4700928,0.5539779
1323.4700928,0.5370521
1324.4700928,0.5400295
1325.4700928,0.5138140
1326.4700928,0.5037215
1327.4700928,0.5170385
1328.6101074,0.5059226
1329.6101074,0.5315562
1330.6101074,0.5307121
1331.6101074,0.5136469
1332.6101074,0.5276138
1333.6101074,0.5360192
1334.6101074,0.5259236
1336.0300293,0.5123852
1337.0300293,0.5176462
1338.0300293,0.5193553
1339.0300293,0.5398749
1340.0300293,0.5330796
1341.0300293,0.5269310
1342.0300293,0.5263184
1343.0300293,0.5240810
1344.1900635,0.5109169
1345.1900635,0.5306193
1346.1900635,0.5296739
1347.1900635,0.5223631
1348.1900635,0.5429186
1349.1900635,0.5534595
1350.1900635,0.5415242
1351.1900635,0.5443903
1352.1900635,0.5336471
1352.8800049,0.5049006
1353.8800049,0.5438937
1354.8800049,0.5274598
1355.8800049,0.5245506
1356.8800049,0.5252815
1357.8800049,0.5498535
1358.8800049,0.5501438
1359.8800049,0.5345370
1361.1101074,0.5338421
1362.1101074,0.5607514
1363.1101074,0.5528204
1364.1101074,0.5559140
1365.1101074,0.5496882
1366.1101074,0.5495465
1367.1101074,0.5470513
1368.1101074,0.5292185
1369.0900879,0.5371456
1370.0900879,0.5357609
1371.0900879,0.5363276
1372.0900879,0.5319146
1373.0900879,0.5462617
1374.0900879,0.5298968
1375.0900879,0.5316912
1376.0900879,0.5390738
1376.7301025,0.5303504
1377.7301025,0.5422143
1378.7301025,0.5293052
1379.7301025,0.5461579
1380.7301025,0.5231887
1381.7301025,0.5574278
1382.7301025,0.5446256
1383.7301025,0.5117564
1384.7301025,0.5238100
1385.3601074,0.5517056
1386.3601074,0.5386878
1387.3601074,0.5457734
1388.3601074,0.5249842
1389.3601074,0.5524040
1390.3601074,0.5121369
1391.3601074,0.5448591
1392.3601074,0.5419229
1393.7700195,0.5267971
1394.7700195,0.5298519
1395.7700195,0.5247277
1396.7700195,0.5161214
1397.7700195,0.5066425
1398.7700195,0.4963731
1399.7700195,0.5030568
1400.8300781,0.5114420
1401.8300781,0.5208017
1402.8300781,0.4971985
1403.8300781,0.5110027
1404.8300781,0.4860684
1405.8300781,0.5153606
1406.8300781,0.5177046
1407.8300781,0.5019134
1408.8300781,0.4949805
1409.3601074,0.4999255
1410.3601074,0.4926876
1411.3601074,0.4790399
1412.3601074,0.4955879
1413.3601074,0.5088083
1414.3601074,0.4997023
1414.9400635,0.5017083
1415.9400635,0.4941916
1416.9400635,0.4865525
1417.9400635,0.5085620
1418.9400635,0.5065504
1419.9400635,0.4858682
1420.9400635,0.4916039
1421.9400635,0.5010920
1423.0800781,0.4991905
1424.0800781,0.5057589
1425.0800781,0.5025683
1426.0800781,0.5225447
1427.0800781,0.5162215
1428.0800781,0.5265032
1429.0800781,0.5200613
1430.0800781,0.5096248
1431.3801270,0.5011424
1432.3801270,0.5136222
1433.3801270,0.5116845
1434.3801270,0.5173602
1435.3801270,0.4959720
1436.3801270,0.5105495
1437.3801270,0.5107112
1438.3801270,0.5183542
1439.3000488,0.5238485
1440.3000488,0.5115014
1441.3000488,0.5175892
1442.3000488,0.5182207
1443.3000488,0.5211840
1444.3000488,0.4956904
1445.3000488,0.5216780
1446.3000488,0.5167486
1447.1201172,0.5057734
1448.1201172,0.4950979
1449.1201172,0.4948213
1450.1201172,0.5216570
1451.1201172,0.5366571
1452.1201172,0.5098285
1453.1201172,0.5091594
1454.3900146,0.5078939
1455.3900146,0.4867694
1456.3900146,0.5140001
1457.3900146,0.5218259
1458.3900146,0.4991433
1459.3900146,0.4967217
1460.3900146,0.5154545
1461.3900146,0.5010176
1462.8000488,0.4915648
1463.8000488,0.5093260
1464.8000488,0.5025866
1465.8000488,0.4745983
1466.8000488,0.4904281
1467.8000488,0.4681286
1468.8000488,0.4763194
1469.8000488,0.4853737
1470.8000488,0.4899704
1471.3200684,0.4882021
1472.3200684,0.4975957
1473.3200684,0.4936272
1474.3200684,0.4810684
1475.3200684,0.5049112
1476.3200684,0.5046797
1477.3200684,0.5028892
1478.3200684,0.4922966
1479.4500732,0.4910429
1480.4500732,0.4977973
1481.4500732,0.4935409
1482.4500732,0.4933560
1483.4500732,0.5045001
1484.4500732,0.4926739
1485.4500732,0.5003183
1486.4500732,0.4862161
1487.3100586,0.4912424
1488.3100586,0.5032363
1489.3100586,0.4971832
1490.3100586,0.4998306
1491.3100586,0.4992130
1492.3100586,0.4982268
1493.3100586,0.4898525
1494.6201172,0.5086254
1495.6201172,0.4872772
1496.6201172,0.4946968
1497.6201172,0.4890907
1498.6201172,0.4971895
1499.6201172,0.4992394
1500.6201172,0.4997118
1501.6201172,0.5062985
1502.8701172,0.4867940
1503.8701172,0.5112163
1504.8701172,0.5016334
1505.8701172,0.5193818
1506.8701172,0.5095665
1507.8701172,0.4936723
1508.8701172,0.5083619
1509.8701172,0.5182874
1510.6301270,0.5188955
1511.6301270,0.5180664
1512.6301270,0.5103240
1513.6301270,0.5225095
1514.6301270,0.4916054
1515.6301270,0.5118710
1516.6301270,0.5097306
1517.6301270,0.5033212
1518.6301270,0.5040361
1519.2401123,0.5096744
1520.2401123,0.4901303
1521.2401123,0.5067388
1522.2401123,0.5167107
1523.2401123,0.5144648
1524.2401123,0.5043195
1525.2401123,0.5010225
1526.2401123,0.5126398
1527.1900635,0.5151283
1528.1900635,0.5099095
1529.1900635,0.5003450
1530.1900635,0.5142017
1531.1900635,0.5088978
1532.1900635,0.5005584
1533.1900635,0.5180120
1534.1900635,0.5121108
1534.8300781,0.5185385
1535.8300781,0.5301653
1536.8300781,0.5084452
1537.8300781,0.4973116
1538.8300781,0.5123907
1539.8300781,0.5089698
1540.8300781,0.5096102
1541.8300781,0.5264205
1542.5800781,0.5168662
1543.5800781,0.5302433
1544.5800781,0.5070169
1545.5800781,0.5135053
1546.5800781,0.5392425
1547.5800781,0.5170089
1548.5800781,0.5204358
1549.5800781,0.5050940
1550.5800781,0.5123903
1551.1000977,0.5105671
1552.1000977,0.5254626
1553.1000977,0.5379048
1554.1000977,0.5461323
1555.1000977,0.5261242
1556.1000977,0.5458483
1557.1000977,0.5463114
1558.5300293,0.5681934
1559.5300293,0.5522109
1560.5300293,0.5349872
1561.5300293,0.5536319
1562.5300293,0.5464709
1563.5300293,0.5483493
1564.5300293,0.5663138
1565.5300293,0.5652313
1566.5300293,0.5574823
1567.5300293,0.5411500
1568.5300293,0.5461771
1569.5300293,0.5424072
1570.5300293,0.5401585
1571.5300293,0.5485715
1572.5300293,0.5679914
1573.5300293,0.5491907
1574.8900146,0.5555137
1575.8900146,0.5594562
1576.8900146,0.5461323
1577.8900146,0.5630633
1578.8900146,0.5656932
1579.8900146,0.5679988
1580.8900146,0.5668279
1581.8900146,0.5894487
1582.4000244,0.5859351
1583.4000244,0.5560534
1584.4000244,0.5588867
1585.4000244,0.5595254
1586.4000244,0.5331769
1587.4000244,0.5556097
1588.4000244,0.5610881
1589.6000977,0.5656624
1590.6000977,0.5455320
1591.6000977,0.5536735
1592.6000977,0.5580238
1593.6000977,0.5359406
1594.6000977,0.5548844
1595.6000977,0.5624576
1597.0900879,0.5318769
1598.0900879,0.5348296
1599.0900879,0.5228064
1600.0900879,0.5236838
1601.0900879,0.5084119
1602.0900879,0.5421966
1603.0900879,0.5240562
1604.0300293,0.5213180
1605.0300293,0.5352226
1606.0300293,0.5522147
1607.0300293,0.5350841
1608.0300293,0.5425301
1609.0300293,0.5365297
1610.0300293,0.5489575
1611.0300293,0.5467811
1611.8000488,0.5355674
1612.8000488,0.5396329
1613.8000488,0.5160780
1614.8000488,0.5098870
1615.8000488,0.5372599
1616.8000488,0.5345211
1617.8000488,0.5367985
1619.0600586,0.5564541
1620.0600586,0.5640134
1621.0600586,0.5536513
1622.0600586,0.5506456
1623.0600586,0.5487496
1624.0600586,0.5496796
1625.0600586,0.5542910
1626.1800537,0.5634366
1627.1800537,0.5610071
1628.1800537,0.5391373
1629.1800537,0.5374679
1630.1800537,0.5340111
1631.1800537,0.5347454
1632.1800537,0.5583631
1633.4901123,0.5513373
1634.4901123,0.5501440
1635.4901123,0.5553516
1636.4901123,0.5386441
1637.4901123,0.5423037
1638.4901123,0.5475564
1639.4901123,0.5474128
1640.4901123,0.5524239
1641.4100342,0.5507342
1642.4100342,0.5188511
1643.4100342,0.5321253
1644.4100342,0.5265294
1645.4100342,0.5275786
1646.4100342,0.5357576
1647.4100342,0.5221928
1648.4100342,0.5266787
1649.3901367,0.5356724
1650.3901367,0.5018649
1651.3901367,0.4949526
1652.3901367,0.5201210
1653.3901367,0.5475464
1654.3901367,0.5450916
1655.3901367,0.5207783
1656.3901367,0.5382127
1657.8801270,0.5797428
1658.8801270,0.5645500
1659.8801270,0.5866546
1660.8801270,0.5782954
1661.8801270,0.5630670
1662.8801270,0.5728449
1663.8801270,0.5690596
1664.8801270,0.5625090
1666.3701172,0.5565838
1667.3701172,0.5432521
1668.3701172,0.5463854
1669.3701172,0.5483472
1670.3701172,0.5096433
1671.3701172,0.5221825
1672.3701172,0.5047624
1673.3701172,0.5239831
1674.3701172,0.5156079
1674.8801270,0.5309036
1675.8801270,0.5569653
1676.8801270,0.5511903
1677.8801270,0.5498564
1678.8801270,0.5409498
1679.8801270,0.5638223
1680.8801270,0.5578032
1681.8400879,0.5613081
1682.8400879,0.5483579
1683.8400879,0.5409433
1684.8400879,0.5368483
1685.8400879,0.5365281
1686.8400879,0.5630323
1687.8400879,0.5202746
1689.0700684,0.5469266
1690.0700684,0.5424879
1691.0700684,0.5290669
1692.0700684,0.4947112
1693.0700684,0.4876104
1694.0700684,0.5185122
1695.0700684,0.4978822
1696.0700684,0.5113492
1697.0700684,0.4994692
1697.6700439,0.5069046
1698.6700439,0.5054696
1699.6700439,0.5269873
1700.6700439,0.5362951
1701.6700439,0.5272184
1702.6700439,0.5397215
1703.6700439,0.4985354
1705.0001221,0.5071491
1706.0001221,0.4902109
1707.0001221,0.4841138
1708.0001221,0.4988316
1709.0001221,0.4993251
1710.0001221,0.4887016
1711.0001221,0.4978840
1712.3500977,0.5014104
1713.3500977,0.5153828
1714.3500977,0.5249565
1715.3500977,0.5014691
1716.3500977,0.5032551
1717.3500977,0.5621210
1718.3500977,0.5434103
1719.3500977,0.5487472
1720.7900391,0.5343612
1721.7900391,0.5200502
1722.7900391,0.5185965
1723.7900391,0.5320966
1724.7900391,0.5283250
1725.7900391,0.5513269
1726.7900391,0.5480114
1727.7900391,0.5377379
1728.7900391,0.5213611
1729.5400391,0.5443043
1730.5400391,0.5325665
1731.5400391,0.5246092
1732.5400391,0.5331077
1733.5400391,0.5103279
1734.5400391,0.4914753
1735.5400391,0.4847726
1737.0101318,0.5052972
1738.0101318,0.4888030
1739.0101318,0.5182411
1740.0101318,0.5110949
1741.0101318,0.5107146
1742.0101318,0.5106853
1743.0101318,0.5405717
1744.0101318,0.5160046
1745.1600342,0.5240472
1746.1600342,0.5304593
1747.1600342,0.5173498
1748.1600342,0.5425600
1749.1600342,0.5254307
1750.1600342,0.5206772
1751.1600342,0.5132817
1752.1600342,0.5061140
1753.2601318,0.5218983
1754.2601318,0.5075623
1755.2601318,0.4954315
1756.2601318,0.4927348
1757.2601318,0.5005155
1758.2601318,0.4926687
1759.2601318,0.4987606
1760.1500244,0.4927992
1761.1500244,0.4987461
1762.1500244,0.5212945
1763.1500244,0.5015029
1764.1500244,0.5212385
1765.1500244,0.5087206
1766.1500244,0.5153520
1767.1000977,0.4856280
1768.1000977,0.5215749
1769.1000977,0.5111138
1770.1000977,0.5008482
1771.1000977,0.4948088
1772.1000977,0.5157012
1773.1000977,0.5253629
1774.5700684,0.5070660
1775.5700684,0.4980530
1776.5700684,0.4961456
1777.5700684,0.5076035
1778.5700684,0.4941520
1779.5700684,0.5219473
1780.5700684,0.5305884
1781.5700684,0.5263620
1782.5700684,0.5038345
1783.5700684,0.5009302
1784.5700684,0.5356560
1785.5700684,0.5227819
1786.5700684,0.5224482
1787.5700684,0.5164384
1788.5700684,0.5313389
1789.5700684,0.5139636
1790.6301270,0.5216370
1791.6301270,0.5071400
1792.6301270,0.5037494
1793.6301270,0.5188023
1794.6301270,0.5221003
1795.6301270,0.5231208
1796.6301270,0.4966933
1797.6301270,0.5118603
1798.6900635,0.4980851
1799.6900635,0.5115936
1800.6900635,0.5115257
1801.6900635,0.5175173
1802.6900635,0.5082323
1803.6900635,0.5108336
1804.6900635,0.5080628
1805.6501465,0.5171244
1806.6501465,0.5054984
1807.6501465,0.5194173
1808.6501465,0.5157380
1809.6501465,0.5078198
1810.6501465,0.5260959
1811.6501465,0.5234907
1812.6501465,0.5241323
1814.0101318,0.5281700
1815.0101318,0.5331662
1816.0101318,0.5162150
1817.0101318,0.5100908
1818.0101318,0.5281448
1819.0101318,0.5390083
1820.0101318,0.5303410
1821.0101318,0.5402107
1822.0101318,0.5305927
1822.6000977,0.5518441
1823.6000977,0.5427446
1824.6000977,0.5495763
1825.6000977,0.5453233
1826.6000977,0.5218631
1827.6000977,0.5339043
1828.6000977,0.5420976
1829.6000977,0.5329574
1830.6000977,0.5179791
1831.1301270,0.5304995
1832.1301270,0.5378463
1833.1301270,0.5431180
1834.1301270,0.5265630
1835.1301270,0.5260363
1836.1301270,0.5376888
1837.1301270,0.5196663
1838.1301270,0.5208222
1839.3100586,0.5346509
1840.3100586,0.5553497
1841.3100586,0.5273029
1842.3100586,0.5395077
1843.3100586,0.5308741
1844.3100586,0.5270409
1845.3100586,0.5142273
1846.3100586,0.5213848
1847.3100586,0.5295451
1847.9700928,0.5306987
1848.9700928,0.5233364
1849.9700928,0.5114108
1850.9700928,0.5081038
1851.9700928,0.5122973
1852.9700928,0.4985433
1853.9700928,0.5077265
1855.2200928,0.5105725
1856.2200928,0.5092648
1857.2200928,0.5159520
1858.2200928,0.5195885
1859.2200928,0.5100457
1860.2200928,0.4966849
1861.2200928,0.5314587
1862.3701172,0.5263124
1863.3701172,0.5074610
1864.3701172,0.5325593
1865.3701172,0.5269743
1866.3701172,0.5192175
1867.3701172,0.5270481
1868.3701172,0.5432689
1869.8100586,0.5285844
1870.8100586,0.5095875
1871.8100586,0.5301272
1872.8100586,0.5189496
1873.8100586,0.5396451
1874.8100586,0.5425188
1875.8100586,0.5476856
1877.1501465,0.5395018
1878.1501465,0.5116362
1879.1501465,0.5348561
1880.1501465,0.5370133
1881.1501465,0.5149911
1882.1501465,0.5301480
1883.1501465,0.5203434
1884.3300781,0.5183143
1885.3300781,0.5320398
1886.3300781,0.5202358
1887.3300781,0.5379927
1888.3300781,0.5416389
1889.3300781,0.5442989
1890.3300781,0.5515741
1891.3300781,0.5303562
1892.7200928,0.5335953
1893.7200928,0.5250627
1894.7200928,0.5210282
1895.7200928,0.5423912
1896.7200928,0.5385197
1897.7200928,0.5373151
1898.7200928,0.5427595
1899.7200928,0.5289907
1900.4500732,0.5289947
1901.4500732,0.5411532
1902.4500732,0.5422621
1903.4500732,0.5429950
1904.4500732,0.5552486
1905.4500732,0.5318093
1906.4500732,0.5288572
1907.8801270,0.5157330
1908.8801270,0.5260538
1909.8801270,0.5445408
1910.8801270,0.5383680
1911.8801270,0.5316268
1912.8801270,0.5466619
1913.8801270,0.5437534
1914.8801270,0.5344505
1915.8801270,0.5477605
1916.5301514,0.5335455
1917.5301514,0.5521957
1918.5301514,0.5492588
1919.5301514,0.5655355
1920.5301514,0.5600600
1921.5301514,0.5466485
1922.5301514,0.5226102
1923.5301514,0.5272568
1924.1900635,0.5191945
1925.1900635,0.5411974
1926.1900635,0.5400599
1927.1900635,0.5236371
1928.1900635,0.5214342
1929.1900635,0.5227205
1930.1900635,0.5423614
1931.1900635,0.5442213
1932.0700684,0.5191323
1933.0700684,0.5520594
1934.0700684,0.5521434
1935.0700684,0.5349137
1936.0700684,0.5204083
1937.0700684,0.5176815
1938.0700684,0.5250217
1939.0700684,0.5365006
1940.2701416,0.5302096
1941.2701416,0.5202732
1942.2701416,0.5301392
1943.2701416,0.5197096
1944.2701416,0.5243055
1945.2701416,0.5303577
1946.2701416,0.5263799
1947.2701416,0.5049171
1948.2701416,0.5123012
1949.2701416,0.5259075
1950.2701416,0.5304688
1951.2701416,0.5307714
1952.2701416,0.5184318
1953.2701416,0.5330733
1954.2701416,0.5269839
1955.0600586,0.5352531
1956.0600586,0.5175845
1957.0600586,0.5193073
1958.0600586,0.5302527
1959.0600586,0.5194923
1960.0600586,0.5105386
1961.0600586,0.5176917
1962.0600586,0.5211752
1963.5500488,0.5417654
1964.5500488,0.5188013
1965.5500488,0.5302628
1966.5500488,0.5266684
1967.5500488,0.5289364
1968.5500488,0.5372452
1969.5500488,0.5316871
1970.5500488,0.5124978
1971.4001465,0.5164905
1972.4001465,0.5235403
1973.4001465,0.5135348
1974.4001465,0.5165474
1975.4001465,0.5087017
1976.4001465,0.5338480
1977.4001465,0.5176859
1978.4001465,0.5179614
1979.6800537,0.5369016
1980.6800537,0.5179596
1981.6800537,0.5223884
1982.6800537,0.4891740
1983.6800537,0.5187708
1984.6800537,0.5218973
1985.6800537,0.4927344
1986.6900635,0.5265490
1987.6900635,0.5183837
1988.6900635,0.5015850
1989.6900635,0.5128024
1990.6900635,0.5154038
1991.6900635,0.5256506
1992.6900635,0.5222592
1993.6501465,0.5262898
1994.6501465,0.5564924
1995.6501465,0.5453989
1996.6501465,0.5403041
1997.6501465,0.5385282
1998.6501465,0.5361690
1999.6501465,0.5531288
